{
    "accuracy": 0.9611111111111111,
    "f1_weighted": 0.9609403298924463,
    "precision_weighted": 0.9619957049958986,
    "recall_weighted": 0.9611111111111111
}